{"cameraMode":{"drawMode":0,"name":"Shaded","section":"Shading Mode"},"sceneLighting":false,"audioPlay":false,"sceneViewState":{"m_AlwaysRefresh":false,"showFog":true,"showSkybox":false,"showFlares":true,"showImageEffects":true,"showParticleSystems":true,"showVisualEffectGraphs":true,"m_FxEnabled":true},"in2DMode":false,"pivot":{"x":516.2130737304688,"y":1587.59228515625,"z":-67.60830688476563},"rotation":{"x":-0.0056901355274021629,"y":-0.007187933661043644,"z":-0.00004075723700225353,"w":0.9999661445617676},"size":492.6125793457031,"orthographic":false}